t,An,Tr
0,-0.5870945322,4.07727065530338E-006
4,-0.4999066276,0
8,-0.1391860823,7.01338413906921E-006
12,-0.3700910856,2.26015163882705E-006
16,-0.452780377,6.31448780832645E-007
20,-0.4945705564,0
24,-0.4966547033,0
28,-0.4232141914,0
32,-0.3909262363,0
36,-0.418149717,3.83087664214099E-007
40,-0.4276727119,0
44,-0.5390071003,0
